,worst group,parity p (that group),parity p (mixed pairs),amplification,PR-AUC,top decile
full model,Asian,8.411512469140286e-13,0.0005192785166188094,1.157981733388431,0.22797348558189195,0.29832935560859186
without raceclash,Asian,1.1092956984177334e-15,2.200344370568902e-06,1.2278097776128591,0.22232865928516793,0.27923627684964203
without ethnicity,White,9.251227843379534e-08,3.77937565700617e-12,1.350008855005608,0.21861980997370772,0.25059665871121717
without either,White,5.971730527906638e-06,3.808790496362021e-09,1.2918188181519181,0.21656173101465478,0.2529832935560859
unawareness,White,0.008854617073173799,0.05859065470006424,1.0706966781078961,0.21035129594763358,0.24821002386634844
full model,Asian,4.478218424045659e-13,0.00015279580646223304,1.1754387444445382,0.22638042964255,0.30071599045346065
ethnicity neutralised,White,4.131133674751398e-12,6.926868806120717e-28,1.5711309950496302,0.21431994312310818,0.24821002386634844
raceclash neutralised,Black,4.935624978819516e-23,0.0003385637786150884,0.7681084864687081,0.2248429898238527,0.27923627684964203
both neutralised,White,0.008950908626368628,0.01163599652407462,1.10561070022011,0.213704177181473,0.2553699284009546
